{"cameraMode":{"drawMode":0,"name":"Shaded","section":"Shading Mode"},"sceneLighting":false,"audioPlay":false,"sceneViewState":{"showFog":true,"showMaterialUpdate":true,"showSkybox":false,"showFlares":true,"showImageEffects":true,"showParticleSystems":true},"in2DMode":false,"pivot":{"x":0.0,"y":-0.00034649670124053955,"z":0.17845946550369264},"rotation":{"x":0.0007372735417447984,"y":0.8645137548446655,"z":-0.5028384923934937,"w":0.0016689561307430268},"size":1.1331638097763062,"orthographic":true}